,Race and Ethnicity in Chicago Community Areas,,,,,,,,,,,,,,,,,,,,,,,,Rogers Park
 ,,1930,1940,1950,1960,1970,1980,1990,2000*,2010,2008-2012,2009-2013,2010-2014,2011-2015,2012-2016,2013-2017,2014-2018,2015-2019,2016-2020,,,,,,West Ridge
0,1. Rogers Park,,,,,,,,,,,,,,,,,,,,,,,,Uptown
1. Rogers Park,Total,"57,094","60,565","62,252","56,888","60,787","55,525","60,378","63,484","54,991","57,559","57,165","55,053","54,402","55,500","55,062","54,872","55,475","55,643",,,,,,Lincoln Square
1. Rogers Park,Asian,,,,,"1,620", N/A ,"5,100","4,063","3,523","3,876","3,450","3,526","3,501","3,205","2,792","2,985","2,695","3,018",,,,,,North Center
1. Rogers Park,Black or African-American,128,130,108,57,762,"5,095","15,885","18,767","14,461","15,662","15,461","14,325","13,320","14,455","14,521","14,413","15,187","15,059",,,,,,Lake View
1. Rogers Park,Persons of Spanish Language*,,,,,"2,802","6,621","12,005","17,639","13,433","14,280","14,189","13,530","13,135","12,383","12,072","11,306","10,887","10,537",,,,,,Lincoln Park
1. Rogers Park,White,"56,895","60,370","62,095","56,503","58,050","38,699","27,030","20,170","21,618","21,819","22,304","22,094","22,769","23,604","23,754","24,110","24,357","24,644",,,,,,Near North Side
1. Rogers Park,Other,71,65,49,328,355,"5,110",358,"2,845","1,956","1,922","1,761","1,578","1,677","1,853","1,923","2,058","2,349","2,385",,,,,,Edison Park
2. West Ridge,2. West Ridge,,,,,,,,,,,,,,,,,,,,,,,,Norwood Park
2. West Ridge,Total,"39,759","43,553","47,930","63,884","65,432","61,129","65,374","73,199","71,942","73,705","73,305","73,019","72,211","73,723","76,215","77,212","78,466","78,763",,,,,,Jefferson Park
2. West Ridge,Asian,,,,,560, N/A ,"10,523","16,347","16,184","17,078","17,702","17,097","16,868","16,641","17,200","16,987","18,650","16,556",,,,,,Forest Glen
2. West Ridge,Black or African-American,46,111,115,81,91,436,"2,045","4,962","8,015","7,683","7,529","7,644","8,110","8,936","9,201","10,320","9,086","9,166",,,,,,North Park
2. West Ridge,Persons of Spanish Language*,,,,,"1,129","2,266","5,398","11,353","14,701","15,260","13,994","13,088","12,672","13,366","14,256","14,178","14,835","15,514",,,,,,Albany Park
2. West Ridge,White,"39,701","43,413","47,786","63,696","64,690","52,949","47,098","36,403","30,706","31,779","31,630","32,839","31,978","31,806","32,173","32,200","31,836","33,123",,,,,,Portage Park
2. West Ridge,Other,12,29,29,107,91,"5,478",310,"4,134","2,336","1,905","2,450","2,351","2,583","2,974","3,385","3,527","4,059","4,404",,,,,,Irving Park
3. Uptown,3. Uptown,,,,,,,,,,,,,,,,,,,,,,,,Dunning
3. Uptown,Total,"67,699","77,677","84,462","76,103","74,838","64,414","63,839","63,551","56,362","54,995","54,449","54,062","55,137","56,296","57,973","58,424","58,979","59,453",,,,,,Montclare
3. Uptown,Asian,,,,,"4,039", N/A ,"8,859","8,206","6,414","6,402","5,803","5,285","4,854","5,773","5,812","5,806","6,207","6,173",,,,,,Belmont Cragin
3. Uptown,Black or African-American,445,426,436,370,"3,045","9,416","15,134","13,415","11,275","11,062","10,796","10,785","11,445","10,970","10,487","10,235","10,476","10,752",,,,,,Hermosa
3. Uptown,Persons of Spanish Language*,,,,,"9,955","14,984","14,398","12,674","8,009","7,010","6,627","6,964","6,402","7,468","8,324","8,847","8,609","8,911",,,,,,Avondale
3. Uptown,White,"66,932","77,019","82,868","72,147","65,644","30,561","24,743","26,784","29,098","28,769","29,312","28,972","30,371","30,456","31,602","31,595","31,974","31,611",,,,,,Logan Square
3. Uptown,Other,322,232,"1,158","3,586","2,110","9,453",705,"2,472","1,566","1,752","1,911","2,056","2,065","1,629","1,748","1,941","1,713","2,006",,,,,,Humboldt Park
4. Lincoln Square,4. Lincoln Square,,,,,,,,,,,,,,,,,,,,,,,,West Town
4. Lincoln Square,Total,"46,419","47,179","47,298","49,850","47,751","43,954","44,891","44,574","39,493","38,622","38,667","39,547","40,761","41,483","41,715","41,713","42,103","41,350",,,,,,Austin
4. Lincoln Square,Asian,,,,,732, N/A ,"5,980","5,921","4,399","4,015","4,513","4,738","4,480","4,608","4,650","3,735","3,820","3,771",,,,,,West Garfield Park
4. Lincoln Square,Black or African-American,11,18,26,30,57,228,"1,087","1,342","1,488","1,764","1,793","1,525","1,398","1,394","1,594","1,492","1,470","1,234",,,,,,East Garfield Park
4. Lincoln Square,Persons of Spanish Language*,,,,,"1,995","4,973","10,353","11,831","7,562","7,483","6,333","6,236","7,184","7,284","6,978","7,726","7,611","7,373",,,,,,Near West Side
4. Lincoln Square,White,"46,384","47,137","47,233","49,544","46,754","33,991","27,068","23,716","24,916","24,332","24,949","25,865","26,405","26,554","26,782","26,897","27,165","26,590",,,,,,North Lawndale
4. Lincoln Square,Other,24,24,39,276,208,"4,762",403,"1,764","1,128","1,028","1,079","1,183","1,294","1,643","1,711","1,863","2,037","2,382",,,,,,South Lawndale
5. North Center,5. North Center,,,,,,,,,,,,,,,,,,,,,,,,Lower West Side
5. North Center,Total,"47,651","48,759","47,787","43,877","39,410","35,161","33,010","31,895","31,867","33,418","34,534","34,815","34,623","34,942","35,789","35,705","35,543","36,142",,,,,,Loop
5. North Center,Asian,,,,,306, N/A ,"1,692","1,324","1,449","1,392","1,270","1,313","1,493","1,563","1,791","1,777","1,737","2,156",,,,,,Near South Side
5. North Center,Black or African-American,19,19,17,48,140,390,992,"1,333",738,473,639,594,674,713,668,591,750,923,,,,,,Armour Square
5. North Center,Persons of Spanish Language*,,,,,"2,127","6,684","9,048","6,496","4,330","4,376","4,962","4,817","4,987","4,378","4,192","4,075","4,070","4,323",,,,,,Douglas
5. North Center,White,"47,615","48,726","47,724","43,622","38,727","26,185","21,070","21,938","24,634","26,348","26,755","27,043","26,322","26,996","27,568","27,683","27,629","27,005",,,,,,Oakland
5. North Center,Other,17,14,46,207,237,"1,902",208,804,716,829,908,"1,048","1,147","1,292","1,570","1,579","1,357","1,735",,,,,,Fuller Park
6. Lake View,6. Lake View,,,,,,,,,,,,,,,,,,,,,,,,Grand Boulevard
6. Lake View,Total,"114,872","121,455","124,824","118,764","114,943","97,519","91,031","94,817","94,368","96,539","96,541","97,968","98,212","99,876","100,470","100,547","101,365","101,428",,,,,,Kenwood
6. Lake View,Asian,,,,,"4,313", N/A ,"3,917","5,143","5,653","6,661","6,310","6,639","6,764","6,735","6,441","6,829","7,023","7,146",,,,,,Washington Park
6. Lake View,Black or African-American,198,234,247,168,892,"6,558","5,575","4,193","3,651","3,567","3,245","3,430","3,428","3,320","3,475","3,618","4,044","4,304",,,,,,Hyde Park
6. Lake View,Persons of Spanish Language*,,,,,"15,504","18,333","12,932","8,268","7,198","7,268","7,294","7,133","7,125","8,099","8,323","8,168","8,703","9,102",,,,,,Woodlawn
6. Lake View,White,"114,435","120,983","123,814","115,018","108,031","66,037","68,204","75,363","75,845","77,037","77,336","78,123","78,186","78,859","79,382","78,805","78,688","77,260",,,,,,South Shore
6. Lake View,Other,239,238,763,"3,578","1,707","6,591",403,"1,850","2,021","2,006","2,356","2,643","2,709","2,863","2,849","3,127","2,907","3,616",,,,,,Chatham
,7. Lincoln Park,,,,,,,,,,,,,,,,,,,,,,,,Avalon Park
7. Lincoln Park,Total,"97,873","100,826","102,396","88,836","67,804","57,146","61,092","64,320","64,116","64,631","65,889","65,951","66,959","67,260","67,710","68,697","69,465","69,568",,,,,,South Chicago
7. Lincoln Park,Asian,,,,,"2,254", N/A ,"1,413","2,325","3,296","3,712","3,330","3,633","3,806","4,243","4,653","5,109","4,995","5,084",,,,,,Burnside
7. Lincoln Park,Black or African-American,143,132,205,"1,358","4,904","4,800","3,590","3,323","2,753","2,731","2,766","2,691","3,204","3,134","3,206","3,136","3,414","2,636",,,,,,Calumet Heights
7. Lincoln Park,Persons of Spanish Language*,,,,,"9,880","5,991","3,981","3,254","3,571","4,238","4,665","4,771","4,418","4,675","4,446","4,074","4,340","4,349",,,,,,Roseland
7. Lincoln Park,White,"97,393","100,564","100,543","84,604","59,759","44,258","51,968","54,341","53,138","52,663","53,706","53,345","53,676","53,151","53,512","54,318","54,642","55,637",,,,,,Pullman
7. Lincoln Park,Other,337,130,"1,648","2,874",887,"2,097",140,"1,077","1,358","1,287","1,422","1,511","1,855","2,057","1,893","2,060","2,074","1,862",,,,,,South Deering
,8. Near North Side,,,,,,,,,,,,,,,,,,,,,,,,East Side
8. Near North Side,Total,"79,554","76,954","89,196","75,509","70,269","67,167","62,842","72,811","80,484","80,516","83,215","84,305","85,711","86,343","88,893","89,995","93,318","98,528",,,,,,West Pullman
8. Near North Side,Asian,,,,,704, N/A ,"1,718","4,434","8,140","8,731","8,762","9,031","9,723","9,906","9,982","11,222","12,506","14,091",,,,,,Riverdale
8. Near North Side,Black or African-American,"4,231","5,158","17,813","23,114","26,079","21,812","14,538","13,884","8,732","7,625","8,217","7,908","7,910","7,376","8,049","7,319","7,649","7,062",,,,,,Hegewisch
8. Near North Side,Persons of Spanish Language*,,,,,"2,227","1,944","1,856","2,805","3,974","4,491","4,853","4,828","4,530","4,627","5,305","5,244","5,257","6,100",,,,,,Garfield Ridge
8. Near North Side,White,"74,500","71,003","68,272","50,569","43,076","42,090","44,622","50,397","58,033","57,777","59,441","60,299","61,334","62,243","63,507","63,902","65,416","68,030",,,,,,Archer Heights
8. Near North Side,Other,823,793,"3,111","1,826",410,"1,321",108,"1,291","1,605","1,892","1,942","2,239","2,214","2,191","2,050","2,308","2,490","3,245",,,,,,Brighton Park
,9. Edison Park,,,,,,,,,,,,,,,,,,,,,,,,McKinley Park
9. Edison Park,Total,"5,370","5,999","7,843","12,568","13,241","12,457","11,426","11,259","11,187","11,135","10,884","10,993","11,356","11,150","11,753","11,724","11,264","11,002",,,,,,Bridgeport
9. Edison Park,Asian,,,,,25, N/A ,148,200,269,242,258,218,167,241,314,288,387,282,,,,,,New City
9. Edison Park,Black or African-American,4, - , - ,  - , - , - ,3,19,29,  - , - ,117,120,148,194,223,42,46,,,,,,West Elsdon
9. Edison Park,Persons of Spanish Language*,,,,,38,120,217,463,872,500,686,857,"1,063",752,"1,205","1,168","1,131","1,086",,,,,,Gage Park
9. Edison Park,White,"5,366","5,997","7,842","12,565","13,209","12,236","11,053","10,503","9,885","10,265","9,834","9,701","9,926","9,893","9,734","9,756","9,382","9,101",,,,,,Clearing
9. Edison Park,Other, - ,2,1,3,7,101,5,74,132,128,106,100,80,116,306,289,322,487,,,,,,West Lawn
,10. Norwood Park,,,,,,,,,,,,,,,,,,,,,,,,Chicago Lawn
10. Norwood Park,Total,"14,408","16,466","26,798","40,953","41,827","40,585","37,719","37,669","37,023","37,429","36,988","36,486","36,083","36,002","36,936","37,170","37,924","38,088",,,,,,West Englewood
10. Norwood Park,Asian,,,,,93, N/A ,704,"1,216","1,696","1,706","1,471","1,354","1,513","1,170","1,222","1,343","1,615","1,674",,,,,,Englewood
10. Norwood Park,Black or African-American,4,4,22,12,1,7,19,332,164,311,363,343,335,169,165,281,297,249,,,,,,Greater Grand Crossing
10. Norwood Park,Persons of Spanish Language*,,,,,281,390,"1,005","2,409","4,442","4,935","5,419","4,508","4,272","4,202","4,353","5,052","5,741","5,887",,,,,,Ashburn
10. Norwood Park,White,"14,402","16,458","26,759","40,915","41,710","39,690","35,947","33,288","30,157","30,115","29,171","29,607","29,164","29,644","30,100","29,645","29,277","29,301",,,,,,Auburn Gresham
10. Norwood Park,Other,2,4,17,26,23,498,44,424,564,362,564,674,799,817,"1,096",849,994,977,,,,,,Beverly
,11. Jefferson Park,,,,,,,,,,,,,,,,,,,,,,,,Washington Heights
11. Jefferson Park,Total,"20,532","21,537","23,556","27,494","27,553","24,583","23,649","25,859","25,448","26,771","27,212","26,975","27,264","26,755","26,808","27,989","27,503","27,194",,,,,,Mount Greenwood
11. Jefferson Park,Asian,,,,,45, N/A ,778,"1,237","2,256","2,518","2,689","2,341","2,444","2,597","2,476","2,894","2,625","3,151",,,,,,Morgan Park
11. Jefferson Park,Black or African-American,2,6,8,  - ,2,5,16,81,265,369,344,340,250,274,236,307,293,714,,,,,,O'Hare
11. Jefferson Park,Persons of Spanish Language*,,,,,115,395,"1,041","2,881","4,927","5,343","5,682","5,374","6,218","6,125","5,948","6,910","6,806","6,626",,,,,,Edgewater
11. Jefferson Park,White,"20,522","21,523","23,538","27,475","27,494","23,803","21,762","21,101","17,475","18,075","18,061","18,362","17,761","17,155","17,522","17,159","17,060","15,831",,,,,,
11. Jefferson Park,Other,8,8,10,19,12,380,52,559,525,466,436,558,591,604,626,719,719,872,,,,,,
,12. Forest Glen,,,,,,,,,,,,,,,,,,,,,,,,
12. Forest Glen,Total,"4,065","6,630","12,189","19,228","20,531","18,991","17,655","18,165","18,508","18,542","18,710","18,478","18,437","18,631","18,997","19,092","19,384","19,928",,,,,,
12. Forest Glen,Asian,,,,,90, N/A ,"1,054","1,586","1,989","2,207","2,356","2,547","2,470","1,971","2,390","2,332","2,071","2,038",,,,,,
12. Forest Glen,Black or African-American,2,13,13,6,4,11,9,71,137,300,153,31,177,169,188,215,231,111,,,,,,
12. Forest Glen,Persons of Spanish Language*,,,,,82,295,583,"1,389","2,126","2,408","2,213","2,357","2,204","2,439","2,612","2,869","2,933","2,627",,,,,,
12. Forest Glen,White,"4,058","6,616","12,173","19,203","20,419","18,144","15,992","14,793","13,815","13,354","13,734","13,275","13,242","13,655","13,429","13,267","13,625","14,719",,,,,,
12. Forest Glen,Other,5,1,3,19,18,541,17,326,441,273,254,268,344,397,378,409,524,433,,,,,,
,13. North Park,,,,,,,,,,,,,,,,,,,,,,,,
13. North Park,Total,"11,052","12,271","15,291","17,866","16,732","15,273","16,236","18,514","17,931","18,739","19,218","18,058","18,442","18,743","18,842","18,451","18,914","18,806",,,,,,
13. North Park,Asian,,,,,220, N/A ,"3,308","4,415","4,600","5,178","5,402","4,359","4,541","5,121","4,703","4,548","4,764","4,939",,,,,,
13. North Park,Black or African-American,66,149,555,517,432,136,129,452,573,314,381,531,473,448,541,566,523,421,,,,,,
13. North Park,Persons of Spanish Language*,,,,,391,846,"1,481","2,652","3,224","3,428","3,457","3,864","3,632","3,092","3,154","2,974","3,807","3,522",,,,,,
13. North Park,White,"10,951","12,122","14,706","17,280","16,036","12,627","11,267","10,336","8,847","9,358","9,531","8,998","9,358","9,642","9,789","9,684","9,128","9,167",,,,,,
13. North Park,Other,35, - ,30,69,44,"1,664",51,659,687,461,447,306,438,440,655,679,692,757,,,,,,
,14. Albany Park,,,,,,,,,,,,,,,,,,,,,,,,
14. Albany Park,Total,"55,577","56,692","52,995","49,450","47,092","46,075","49,501","57,655","51,542","53,897","54,018","52,930","52,079","51,575","51,992","50,343","49,806","49,280",,,,,,
14. Albany Park,Asian,,,,,875, N/A ,"11,470","10,178","7,430","6,710","7,324","7,387","8,275","7,883","7,536","7,203","7,391","6,179",,,,,,
14. Albany Park,Black or African-American,46,56,48,19,30,261,"1,491","1,907","2,076","2,177","2,147","2,017","2,215","2,337","2,401","2,502","2,461","2,520",,,,,,
14. Albany Park,Persons of Spanish Language*,,,,,"2,852","9,074","15,738","26,741","25,487","28,257","27,953","26,892","25,003","24,892","24,927","22,986","22,399","22,673",,,,,,
14. Albany Park,White,"55,495","56,593","52,904","49,250","45,969","29,014","20,458","15,866","15,054","15,844","15,392","15,421","15,349","14,932","15,608","16,127","16,040","16,577",,,,,,
14. Albany Park,Other,36,43,43,181,218,"7,726",344,"2,963","1,495",909,"1,202","1,213","1,237","1,531","1,520","1,525","1,515","1,331",,,,,,
,15. Portage Park,,,,,,,,,,,,,,,,,,,,,,,,
15. Portage Park,Total,"64,203","66,357","64,736","65,925","63,608","57,349","56,513","65,340","64,124","63,619","63,594","64,427","64,846","64,523","64,313","64,961","64,605","63,919",,,,,,
15. Portage Park,Asian,,,,,169, N/A ,"1,594","2,467","2,972","2,715","2,461","2,866","2,918","2,946","3,260","3,518","3,391","3,799",,,,,,
15. Portage Park,Black or African-American,9,8,39,17,21,47,146,336,856,811,757,827,812,863,901,914,981,1048,,,,,,
15. Portage Park,Persons of Spanish Language*,,,,,670,"1,486","4,419","15,022","24,861","26,388","27,363","26,980","27,108","27,576","26,216","27,000","28,010","27,173",,,,,,
15. Portage Park,White,"64,181","66,330","64,660","65,841","63,352","54,812","50,244","45,418","34,329","32,429","31,867","32,755","32,643","31,778","32,329","31,834","30,292","30,042",,,,,,
15. Portage Park,Other,13,19,37,67,66,"1,004",110,"2,097","1,106","1,276","1,146",999,"1,365","1,360","1,607","1,695","1,931","1,857",,,,,,
,16. Irving Park,,,,,,,,,,,,,,,,,,,,,,,,
16. Irving Park,Total,"66,783","66,553","64,881","58,298","54,900","49,489","50,159","58,643","53,359","56,513","56,841","56,490","56,520","55,417","54,606","53,665","53,530","53,604",,,,,,
16. Irving Park,Asian,,,,,345, N/A ,"4,093","4,362","3,736","4,004","3,984","4,287","4,641","4,579","4,786","4,417","4,529","4,602",,,,,,
16. Irving Park,Black or African-American,37,14,30,20,27,59,409,"1,121","1,736","1,668","1,536","1,646","1,271","1,543","1,479","1,633","1,750","1,466",,,,,,
16. Irving Park,Persons of Spanish Language*,,,,,"1,596","4,267","12,222","25,401","24,332","25,449","26,387","26,558","26,359","24,733","23,704","22,643","22,426","22,062",,,,,,
16. Irving Park,White,"66,708","66,509","64,755","58,125","54,432","42,173","33,193","25,912","22,234","24,229","23,748","22,492","22,650","22,975","22,786","23,040","22,902","23,585",,,,,,
16. Irving Park,Other,38,30,96,153,96,"2,990",242,"1,847","1,321","1,163","1,186","1,507","1,599","1,587","1,851","1,932","1,923","1,889",,,,,,
,17. Dunning,,,,,,,,,,,,,,,,,,,,,,,,
17. Dunning,Total,"19,659","23,328","32,231","41,626","43,856","37,860","36,957","42,164","41,932","42,115","42,405","43,053","43,025","43,444","43,689","44,035","43,445","43,587",,,,,,
17. Dunning,Asian,,,,,78, N/A ,839,"1,315","1,587","1,617","1,471","1,583","1,800","1,755","2,202","2,533","2,509","2,207",,,,,,
17. Dunning,Black or African-American,3,6,7,2,311,182,158,234,308,426,463,694,"1,035",895,807,989,722,909,,,,,,
17. Dunning,Persons of Spanish Language*,,,,,345,613,"1,882","5,441","9,997","9,706","10,439","11,255","11,448","12,559","12,245","13,104","12,855","14,005",,,,,,
17. Dunning,White,"19,648","23,306","32,217","41,560","43,449","36,704","34,038","34,394","29,512","29,975","29,642","29,060","28,340","27,862","28,165","27,159","27,080","26,028",,,,,,
17. Dunning,Other,8,16,7,64,18,361,40,780,528,391,390,461,402,373,270,250,279,438,,,,,,
,18. Montclare,,,,,,,,,,,,,,,,,,,,,,,,
18. Montclare,Total,"8,500","9,693","11,166","11,802","11,675","10,793","10,573","12,646","13,426","12,401","12,283","12,840","12,973","12,992","13,784","13,811","14,267","14,382",,,,,,
18. Montclare,Asian,,,,,15, N/A ,231,337,377,552,912,740,611,519,444,454,458,365,,,,,,
18. Montclare,Black or African-American,5,2,4,1,1, - ,36,264,598,524,519,464,575,582,518,415,387,448,,,,,,
18. Montclare,Persons of Spanish Language*,,,,,81,179,"1,199","4,865","7,248","6,408","6,324","7,481","8,092","7,585","8,064","8,466","8,552","8,003",,,,,,
18. Montclare,White,"8,493","9,686","11,158","11,785","11,642","10,516","9,086","6,892","5,041","4,780","4,387","4,051","3,615","4,032","4,518","4,138","4,488","5,207",,,,,,
18. Montclare,Other,2,5,4,16,17,98,21,288,162,137,141,104,80,274,240,338,382,359,,,,,,
,19. Belmont Cragin,,,,,,,,,,,,,,,,,,,,,,,,
19. Belmont Cragin,Total,"60,221","63,302","63,546","60,883","57,399","53,371","56,787","78,144","78,743","77,885","78,279","79,069","79,210","78,155","79,956","80,701","78,601","78,788",,,,,,
19. Belmont Cragin,Asian,,,,,102, N/A ,"1,768","1,989","1,537",993,938,"1,273","1,187","1,336","1,566","1,461","1,455","1,734",,,,,,
19. Belmont Cragin,Black or African-American,4,4,59,3,10,43,564,"2,000","2,493","3,822","3,323","2,804","2,485","2,196","2,103","1,891","1,866","1,926",,,,,,
19. Belmont Cragin,Persons of Spanish Language*,,,,,666,"3,072","17,066","50,881","62,101","59,975","61,516","62,790","63,377","62,968","64,806","66,152","63,806","62,943",,,,,,
19. Belmont Cragin,White,"60,177","63,282","63,471","60,838","57,221","49,212","37,265","21,881","11,959","11,897","11,658","11,249","11,298","10,879","10,762","10,410","10,416","11,272",,,,,,
19. Belmont Cragin,Other,40,16,16,42,66,"1,044",124,"1,393",653,"1,198",844,953,863,776,719,787,1058,913,,,,,,
,20. Hermosa,,,,,,,,,,,,,,,,,,,,,,,,
20. Hermosa,Total,"23,518","22,894","22,805","21,429","19,838","19,547","23,131","26,908","25,010","25,068","25,265","24,836","25,489","24,450","24,144","23,489","23,481","23,163",,,,,,
20. Hermosa,Asian,,,,,74, N/A ,459,319,294,111,149,204,355,384,440,497,518,534,,,,,,
20. Hermosa,Black or African-American,7, - ,3,  - ,8,53,310,649,757,196,332,377,379,502,753,755,910,1046,,,,,,
20. Hermosa,Persons of Spanish Language*,,,,,777,"6,101","15,923","22,574","21,860","22,612","22,750","22,174","22,491","21,321","20,469","19,619","19,362","19,116",,,,,,
20. Hermosa,White,"23,506","22,887","22,774","21,401","19,731","12,704","6,354","3,086","1,913","1,974","1,842","1,814","1,880","1,900","2,205","2,366","2,513","2,291",,,,,,
20. Hermosa,Other,5,7,28,28,25,689,85,280,186,175,192,267,384,343,277,252,178,176,,,,,,
,21. Avondale,,,,,,,,,,,,,,,,,,,,,,,,
21. Avondale,Total,"48,433","47,684","45,313","39,748","35,806","33,527","35,579","43,083","39,262","41,542","40,262","39,117","39,721","38,191","37,368","37,909","38,118","37,360",,,,,,
21. Avondale,Asian,,,,,175, N/A ,"1,102",953,"1,194","1,289","1,268","1,297","1,305","1,340","1,537","1,418","1,591","1,670",,,,,,
21. Avondale,Black or African-American,4,12,18,3,11,50,332,669,991,"1,110",794,873,842,800,784,743,795,806,,,,,,
21. Avondale,Persons of Spanish Language*,,,,,"1,645","6,863","13,359","26,700","25,295","27,177","25,639","23,537","24,563","23,368","21,491","21,653","21,471","20,145",,,,,,
21. Avondale,White,"48,422","47,656","45,268","39,613","35,472","25,289","20,653","12,757","11,166","11,010","11,699","12,629","12,327","11,898","12,843","13,175","13,234","13,301",,,,,,
21. Avondale,Other,7,16,27,132,148,"1,325",133,"2,004",616,956,862,781,684,785,713,920,1027,1438,,,,,,
,22. Logan Square,,,,,,,,,,,,,,,,,,,,,,,,
22. Logan Square,Total,"114,174","110,010","106,763","94,799","88,555","84,768","82,605","82,715","72,791","73,786","73,929","74,055","74,549","74,606","73,927","73,689","73,277","72,305",,,,,,
22. Logan Square,Asian,,,,,599, N/A ,935,"1,087","1,828","2,061","2,265","1,896","2,124","2,234","2,410","2,462","2,850","3,048",,,,,,
22. Logan Square,Black or African-American,19,39,208,371,629,"2,004","4,497","4,290","3,900","4,710","4,305","3,934","3,452","3,556","3,672","3,359","2,933","3,233",,,,,,
22. Logan Square,Persons of Spanish Language*,,,,,"15,765","43,829","54,740","53,833","37,295","35,140","34,779","34,658","34,677","33,868","31,931","30,329","28,473","26,061",,,,,,
22. Logan Square,White,"114,086","109,932","106,442","94,076","86,455","36,848","22,081","21,742","28,514","30,665","31,369","32,081","32,784","33,354","34,203","35,645","36,988","37,608",,,,,,
22. Logan Square,Other,69,39,113,352,872,"2,087",352,"1,763","1,254","1,210","1,211","1,486","1,512","1,594","1,711","1,894","2,033","2,355",,,,,,
,23. Humboldt Park,,,,,,,,,,,,,,,,,,,,,,,,
23. Humboldt Park,Total,"80,835","79,329","76,199","71,609","71,726","70,879","67,573","65,836","56,323","54,351","52,788","54,515","55,011","56,248","56,427","56,162","55,364","54,401",,,,,,
23. Humboldt Park,Asian,,,,,416, N/A ,488,239,222,147,104,270,271,305,385,485,347,288,,,,,,
23. Humboldt Park,Black or African-American,43,32,53,425,"13,924","24,957","33,077","31,207","23,030","22,680","21,481","22,604","22,481","20,912","19,849","18,559","17,697","17,999",,,,,,
23. Humboldt Park,Persons of Spanish Language*,,,,,"11,122","28,872","29,735","31,607","30,046","27,823","27,886","28,095","28,612","30,847","31,676","32,076","32,318","30,160",,,,,,
23. Humboldt Park,White,"80,679","79,284","76,105","70,972","56,772","15,061","4,068","2,184","2,502","3,009","2,852","2,863","2,958","3,258","3,480","4,009","4,265","4,907",,,,,,
23. Humboldt Park,Other,113,13,41,212,614,"1,989",205,599,523,692,465,683,689,926,"1,037","1,033",737,"1,047",,,,,,
,24. West Town,,,,,,,,,,,,,,,,,,,,,,,,
24. West Town,Total,"187,292","169,924","161,620","139,657","124,800","96,428","87,703","87,435","82,236","84,087","83,632","84,319","85,582","84,458","83,621","83,290","83,757","80,383",,,,,,
24. West Town,Asian,,,,,"1,230", N/A ,745,"1,510","3,106","3,310","3,109","3,244","3,413","3,373","3,662","3,995","4,125","4,326",,,,,,
24. West Town,Black or African-American,841,695,"2,263","2,366","5,518","8,299","7,959","7,979","6,404","7,106","6,471","6,188","6,466","6,551","5,615","5,910","5,727","4,817",,,,,,
24. West Town,Persons of Spanish Language*,,,,,"48,900","54,693","54,361","40,966","23,901","24,074","23,975","23,730","23,239","22,477","21,081","18,976","18,567","17,308",,,,,,
24. West Town,White,"186,271","169,167","158,917","136,479","114,931","30,232","24,117","34,445","47,051","48,007","48,110","48,787","49,892","49,729","50,854","52,036","53,095","50,467",,,,,,
24. West Town,Other,180,62,440,812,"3,121","3,204",521,"2,535","1,774","1,590","1,967","2,370","2,572","2,328","2,409","2,373","2,243","3,465",,,,,,
,25. Austin,,,,,,,,,,,,,,,,,,,,,,,,
25. Austin,Total,"131,114","132,107","132,180","125,133","127,981","138,026","114,079","117,527","98,514","98,162","97,997","99,711","97,643","97,611","95,260","94,762","93,727","95,073",,,,,,
25. Austin,Asian,,,,,754, N/A ,896,642,573,351,446,475,481,475,483,500,440,319,,,,,,
25. Austin,Black or African-American,132,60,122,31,"41,584","101,341","98,504","105,369","83,837","83,844","82,991","83,987","81,066","79,668","76,989","74,996","72,886","71,951",,,,,,
25. Austin,Persons of Spanish Language*,,,,,"4,577","8,148","4,154","4,841","8,722","8,756","9,253","10,249","11,132","12,270","12,398","13,617","14,113","16,210",,,,,,
25. Austin,White,"130,932","132,004","131,970","124,916","84,914","25,385","10,391","5,662","4,364","4,463","4,456","4,213","4,353","4,407","4,403","4,563","5,288","5,024",,,,,,
25. Austin,Other,50,43,88,186,729,"3,152",134,"1,013","1,018",748,851,787,611,791,987,1086,1000,1569,,,,,,
,26. West Garfield Park,,,,,,,,,,,,,,,,,,,,,,,,
26. West Garfield Park,Total,"50,014","48,447","48,443","45,611","48,464","33,865","24,095","23,019","18,001","19,377","18,715","18,885","17,733","17,490","17,155","16,943","16,415","16,489",,,,,,
26. West Garfield Park,Asian,,,,,29, N/A ,17,18,8,18,26,49,61,33,44,55,-,3,,,,,,
26. West Garfield Park,Black or African-American,46,24,23,"7,204","46,947","33,281","23,834","22,564","17,315","18,764","18,166","18,083","16,954","16,705","16,199","15,881","15,276","15,238",,,,,,
26. West Garfield Park,Persons of Spanish Language*,,,,,344,278,133,201,348,240,156,399,353,362,356,447,485,574,,,,,,
26. West Garfield Park,White,"49,910","48,392","48,328","38,152","1,368",204,87,133,133,274,290,289,315,277,384,358,407,456,,,,,,
26. West Garfield Park,Other,58,31,92,255,120,102,24,103,197,81,77,65,50,113,172,202,247,218,,,,,,
,27. East Garfield Park,,,,,,,,,,,,,,,,,,,,,,,,
27. East Garfield Park,Total,"63,353","65,789","70,091","66,871","52,185","31,580","24,030","20,881","20,567","21,316","20,705","20,271","20,665","20,234","20,004","19,738","18,940","18,075",,,,,,
27. East Garfield Park,Asian,,,,,54, N/A ,14,25,83,92,81,59,57,80,145,125,119,159,,,,,,
27. East Garfield Park,Black or African-American,"1,848","2,990","11,695","41,097","51,128","31,058","23,674","20,296","18,696","20,043","19,248","18,543","18,862","18,155","17,736","17,310","16,733","15,340",,,,,,
27. East Garfield Park,Persons of Spanish Language*,,,,,534,263,151,207,850,368,518,680,728,712,719,702,537,863,,,,,,
27. East Garfield Park,White,"61,339","62,704","58,144","25,409",885,195,163,235,698,662,712,827,878,"1,079","1,120","1,174","1,128","1,074",,,,,,
27. East Garfield Park,Other,166,95,252,365,118,64,28,118,240,151,146,162,140,208,284,427,423,639,,,,,,
,28. Near West Side,,,,,,,,,,,,,,,,,,,,,,,,
28. Near West Side,Total,"152,457","136,518","160,362","126,610","78,703","57,305","46,197","46,419","54,881","54,151","55,877","58,899","61,768","62,560","62,872","62,733","63,170","62,816",,,,,,
28. Near West Side,Asian,,,,,747, N/A ,"2,283","4,861","8,022","7,976","7,917","8,731","9,626","10,267","10,780","11,658","11,246","11,625",,,,,,
28. Near West Side,Black or African-American,"25,239","25,774","65,520","68,146","56,836","42,452","30,700","24,546","17,303","17,319","17,328","17,802","18,772","18,559","18,151","17,616","16,885","15,213",,,,,,
28. Near West Side,Persons of Spanish Language*,,,,,"7,014","5,705","4,416","4,415","5,048","4,795","5,890","6,046","6,186","6,105","6,245","5,890","5,839","6,275",,,,,,
28. Near West Side,White,"119,696","110,274","93,934","57,676","19,817","7,311","8,672","11,731","23,042","22,669","23,559","25,091","25,876","26,071","26,122","25,940","27,287","27,402",,,,,,
28. Near West Side,Other,"7,522",470,908,788,"1,303","1,837",126,866,"1,466","1,392","1,183","1,229","1,308","1,558","1,574","1,629","1,913","2,301",,,,,,
,29. North Lawndale,,,,,,,,,,,,,,,,,,,,,,,,
29. North Lawndale,Total,"112,261","102,470","100,489","124,937","94,772","61,534","47,296","41,768","35,912","36,074","36,169","35,623","35,276","35,423","35,947","33,854","32,073","31,310",,,,,,
29. North Lawndale,Asian,,,,,214, N/A ,33,54,74,72,85,84,99,83,77,56,49,69,,,,,,
29. North Lawndale,Black or African-American,374,380,"13,146","113,827","91,292","59,034","45,371","39,164","32,835","33,151","32,807","32,077","31,397","31,112","31,270","29,585","27,522","25,881",,,,,,
29. North Lawndale,Persons of Spanish Language*,,,,,"1,501","1,653","1,471","1,896","2,144","1,800","2,187","2,358","2,470","2,897","3,140","2,990","2,966","3,509",,,,,,
29. North Lawndale,White,"111,821","102,048","87,096","10,792","2,966",655,358,383,492,797,681,713,811,796,966,1017,1159,1495,,,,,,
29. North Lawndale,Other,66,42,247,318,300,192,63,271,367,254,409,391,499,535,494,206,377,356,,,,,,
,30. South Lawndale,,,,,,,,,,,,,,,,,,,,,,,,
30. South Lawndale,Total,"76,749","70,915","66,977","60,940","62,895","75,204","81,155","91,071","79,288","70,557","69,951","72,881","73,826","73,983","74,851","74,943","72,157","70,235",,,,,,
30. South Lawndale,Asian,,,,,179, N/A ,88,116,113,115,109,170,181,201,142,112,95,260,,,,,,
30. South Lawndale,Black or African-American,679,790,"1,343","3,568","6,447","6,329","6,652","11,759","10,374","7,856","8,014","8,570","8,158","8,831","9,101","9,124","8,898","9,103",,,,,,
30. South Lawndale,Persons of Spanish Language*,,,,,"20,044","55,700","69,131","75,613","65,457","59,370","59,082","61,499","62,928","62,126","62,512","62,345","59,873","56,749",,,,,,
30. South Lawndale,White,"75,950","70,106","65,579","57,278","54,148","12,444","5,037","3,210","3,056","3,065","2,587","2,393","2,267","2,545","2,856","3,058","3,112","3,884",,,,,,
30. South Lawndale,Other,120,19,55,94,"2,121",731,247,373,288,151,159,249,292,280,240,304,179,239,,,,,,
,31. Lower West Side,,,,,,,,,,,,,,,,,,,,,,,,
31. Lower West Side,Total,"66,198","57,908","53,991","48,448","44,498","44,951","45,654","44,031","35,769","36,577","35,353","34,979","34,410","32,998","32,888","32,789","33,203","32,672",,,,,,
31. Lower West Side,Asian,,,,,72, N/A ,68,121,371,367,379,383,598,718,803,1088,1327,1476,,,,,,
31. Lower West Side,Black or African-American,5,6,172,530,"1,068",403,404,774,"1,108","1,175","1,349","1,294","1,117","1,258","1,288","1,151","1,140","1,020",,,,,,
31. Lower West Side,Persons of Spanish Language*,,,,,"24,463","34,867","40,227","39,144","29,486","30,053","28,835","28,661","27,693","25,699","25,116","24,275","23,327","22,308",,,,,,
31. Lower West Side,White,"65,714","57,881","53,800","47,795","41,757","9,223","4,806","3,587","4,447","4,562","4,385","4,303","4,617","4,955","5,268","5,903","6,944","7,275",,,,,,
31. Lower West Side,Other,479,21,19,123,"1,601",458,149,405,357,420,405,338,385,368,413,372,465,593,,,,,,
,32. Loop,,,,,,,,,,,,,,,,,,,,,,,,
32. Loop,Total,"7,851","6,221","7,018","4,337","4,936","6,462","11,954","16,388","29,283","26,363","28,614","30,642","33,442","35,010","35,880","37,647","38,655","39,327",,,,,,
32. Loop,Asian,,,,,48, N/A ,439,"1,625","4,658","4,362","5,054","5,131","5,745","6,162","6,226","6,558","7,111","8,287",,,,,,
32. Loop,Black or African-American,98,14,277,449,587,"1,223","2,255","3,221","3,361","3,139","3,454","3,786","4,131","4,003","3,945","3,363","3,000","2,784",,,,,,
32. Loop,Persons of Spanish Language*,,,,,83,222,679,975,"2,010","1,452","1,688","1,823","2,156","2,115","2,471","3,106","3,398","3,761",,,,,,
32. Loop,White,"7,639","6,115","6,642","3,841","4,274","4,667","8,550","10,169","18,359","16,716","17,626","19,094","20,378","21,691","22,244","23,448","23,855","23,194",,,,,,
32. Loop,Other,114,92,99,47,27,350,31,398,895,694,792,808,"1,032","1,039",994,1172,1291,1301,,,,,,
,33. Near South Side,,,,,,,,,,,,,,,,,,,,,,,,
33. Near South Side,Total,"10,416","7,306","11,317","10,350","8,767","7,243","6,828","9,509","21,390","20,245","21,042","22,021","22,401","23,190","23,620","24,343","24,729","26,376",,,,,,
33. Near South Side,Asian,,,,,155, N/A ,51,516,"3,307","3,692","3,762","4,246","4,450","5,375","5,098","5,007","3,470","5,030",,,,,,
33. Near South Side,Black or African-American,"2,474","1,890","7,835","7,942","7,490","6,788","6,305","6,052","6,015","5,585","5,078","5,558","5,382","5,488","5,537","5,979","5,896","5,932",,,,,,
33. Near South Side,Persons of Spanish Language*,,,,,131,108,108,377,"1,202","1,260","1,257","1,424","1,393","1,243","1,247",991,"1,377","1,104",,,,,,
33. Near South Side,White,"7,745","5,370","3,449","2,354","1,044",240,354,"2,393","10,281","9,143","10,384","10,087","10,404","10,433","11,063","11,561","13,171","13,556",,,,,,
33. Near South Side,Other,197,46,33,54,78,107,10,171,585,565,561,706,772,651,675,805,815,754,,,,,,
,34. Armour Square,,,,,,,,,,,,,,,,,,,,,,,,
34. Armour Square,Total,"21,450","18,472","23,294","15,783","13,058","12,475","10,801","12,032","13,391","13,710","14,120","13,850","14,007","13,635","13,396","13,719","13,538","13,401",,,,,,
34. Armour Square,Asian,,,,,"3,144", N/A ,"5,596","7,305","9,721","9,179","9,833","9,750","10,347","10,278","9,811","10,003","9,886","9,480",,,,,,
34. Armour Square,Black or African-American,"4,058","4,062","10,920","4,960","4,131","3,158","2,384","2,046","1,419","1,680","1,670","1,479","1,348","1,248","1,218","1,393","1,135","1,197",,,,,,
34. Armour Square,Persons of Spanish Language*,,,,,796,603,471,448,464,644,508,543,426,408,526,582,585,745,,,,,,
34. Armour Square,White,"15,207","13,518","11,102","9,096","5,609","3,683","2,326","2,062","1,642","1,537","1,600","1,610","1,521","1,572","1,703","1,673","1,878","1,863",,,,,,
34. Armour Square,Other,"2,185",892,"1,272","1,727",174,"5,031",24,171,145,670,509,468,365,129,138,68,54,116,,,,,,
,35. Douglas,,,,,,,,,,,,,,,,,,,,,,,,
35. Douglas,Total,"50,285","53,124","78,745","52,325","47,734","35,700","30,652","26,470","18,238","19,111","19,074","19,430","20,323","20,559","20,781","21,268","21,353","21,450",,,,,,
35. Douglas,Asian,,,,,619, N/A ,788,"1,390","2,313","2,335","2,452","2,540","2,917","2,639","2,655","3,025","3,168","3,121",,,,,,
35. Douglas,Black or African-American,"44,644","49,804","76,421","48,031","41,807","30,769","27,957","22,635","13,247","13,699","13,583","13,815","14,365","14,460","14,718","14,508","14,212","13,964",,,,,,
35. Douglas,Persons of Spanish Language*,,,,,588,313,253,295,465,570,508,426,485,649,661,723,730,1152,,,,,,
35. Douglas,White,"5,517","3,286","2,172","3,880","5,006","3,469","1,597","1,745","1,810","2,271","2,279","2,329","2,165","2,356","2,297","2,399","2,440","2,270",,,,,,
35. Douglas,Other,124,34,152,414,302,"1,149",57,405,403,236,252,320,391,455,450,613,803,943,,,,,,
,36. Oakland,,,,,,,,,,,,,,,,,,,,,,,,
36. Oakland,Total,"14,962","14,500","24,464","24,378","18,291","16,748","8,197","6,110","5,918","6,260","6,247","6,473","6,422","6,474","6,645","6,850","7,227","6,973",,,,,,
36. Oakland,Asian,,,,,41, N/A ,7,8,35,57,149,140,109,124,140,97,71,114,,,,,,
36. Oakland,Black or African-American,"4,317","3,209","18,926","23,955","18,090","16,557","8,117","5,957","5,567","5,769","5,779","6,052","5,946","5,949","5,959","6,284","6,580","6,043",,,,,,
36. Oakland,Persons of Spanish Language*,,,,,125,97,34,58,87,229,200,122,209,240,324,270,300,407,,,,,,
36. Oakland,White,"10,452","11,153","4,332",311,120,54,37,40,122,180,105,147,142,125,172,155,206,307,,,,,,
36. Oakland,Other,193,138,"1,206",112,40,40,2,47,107,25,14,12,16,36,50,44,70,102,,,,,,
,37. Fuller Park,,,,,,,,,,,,,,,,,,,,,,,,
37. Fuller Park,Total,"14,437","15,094","17,174","12,181","7,372","5,832","4,364","3,420","2,876","2,924","2,798","2,543","2,457","2,377","2,354","2,320","2,330","2,149",,,,,,
37. Fuller Park,Asian,,,,,48, N/A ,2,6,7,11, - ,  -   ,  -   ,  -   ,0,-,-,1,,,,,,
37. Fuller Park,Black or African-American,"1,093","1,438","8,545","11,692","7,146","5,707","4,292","3,225","2,651","2,678","2,534","2,289","2,268","2,170","2,170","2,133","2,160","1,920",,,,,,
37. Fuller Park,Persons of Spanish Language*,,,,,58,71,41,116,132,158,205,191,152,124,150,142,119,130,,,,,,
37. Fuller Park,White,"12,857","13,630","8,617",476,155,37,20,18,47,66,48,52,37,83,34,45,45,67,,,,,,
37. Fuller Park,Other,487,26,12,13,23,17,9,55,39,11,11,11,  -   ,  -   ,0,-,6,31,,,,,,
,38. Grand Boulevard,,,,,,,,,,,,,,,,,,,,,,,,
38. Grand Boulevard,Total,"87,005","103,256","114,557","80,036","80,150","53,741","35,897","28,006","21,929","23,151","22,616","22,531","22,750","22,634","22,905","23,200","22,643","23,669",,,,,,
38. Grand Boulevard,Asian,,,,,27, N/A ,29,21,57,60,100,102,117,89,88,160,157,172,,,,,,
38. Grand Boulevard,Black or African-American,"82,329","101,339","113,374","79,537","79,607","53,096","35,574","27,370","20,645","21,091","20,467","20,748","20,624","21,054","21,138","21,506","20,558","21,200",,,,,,
38. Grand Boulevard,Persons of Spanish Language*,,,,,451,350,146,236,395,698,631,474,574,373,387,403,513,771,,,,,,
38. Grand Boulevard,White,"4,550","1,864","1,075",398,391,170,96,173,391,944,957,702,719,570,603,615,816,976,,,,,,
38. Grand Boulevard,Other,126,53,108,101,125,125,52,206,441,358,461,505,716,548,689,516,599,550,,,,,,
,39. Kenwood,,,,,,,,,,,,,,,,,,,,,,,,
39. Kenwood,Total,"26,942","29,611","35,705","41,533","26,908","21,974","18,178","18,363","17,841","18,180","18,021","18,217","17,601","17,074","17,189","17,440","17,954","17,972",,,,,,
39. Kenwood,Asian,,,,,175, N/A ,453,785,973,"1,065","1,155","1,492","1,520","1,440","1,582","1,386","1,245","1,081",,,,,,
39. Kenwood,Black or African-American,185,278,"3,453","34,838","21,228","16,908","13,855","13,900","12,821","12,840","12,552","12,362","11,916","11,690","11,724","11,744","12,108","11,864",,,,,,
39. Kenwood,Persons of Spanish Language*,,,,,275,241,241,301,542,749,745,701,667,503,397,450,435,404,,,,,,
39. Kenwood,White,"26,713","29,295","30,236","6,282","5,398","4,285","3,564","2,915","2,942","3,159","3,204","3,236","2,978","2,925","2,913","3,185","3,411","3,759",,,,,,
39. Kenwood,Other,44,38,"2,016",413,107,540,65,462,563,367,365,426,520,516,573,675,755,864,,,,,,
,40. Washington Park,,,,,,,,,,,,,,,,,,,,,,,,
40. Washington Park,Total,"44,016","52,736","56,856","43,690","46,024","31,935","19,425","14,146","11,717","11,146","11,530","11,647","12,081","11,868","11,502","11,355","10,969","10,427",,,,,,
40. Washington Park,Asian,,,,,30, N/A ,13,5,12,9, - ,11,9,14,14,21,-,-,,,,,,
40. Washington Park,Black or African-American,"40,460","51,281","56,178","43,310","45,649","31,550","19,268","13,798","11,370","10,882","11,202","11,070","11,595","11,199","10,760","10,403","10,146","9,559",,,,,,
40. Washington Park,Persons of Spanish Language*,,,,,197,205,48,134,104,132,170,246,158,216,278,243,263,233,,,,,,
40. Washington Park,White,"3,448","1,430",620,332,234,83,69,74,87,20,13,33,48,48,85,123,121,191,,,,,,
40. Washington Park,Other,108,25,58,48,111,97,27,135,144,103,145,287,271,391,365,565,439,444,,,,,,
,41. Hyde Park,,,,,,,,,,,,,,,,,,,,,,,,
41. Hyde Park,Total,"48,017","50,550","55,206","45,577","33,559","31,198","28,630","29,920","25,681","26,541","26,831","26,705","26,893","26,573","26,827","27,517","27,482","27,722",,,,,,
41. Hyde Park,Asian,,,,,"1,097", N/A ,"2,433","3,366","3,185","2,847","3,204","3,242","3,244","3,249","3,559","3,324","3,719","3,946",,,,,,
41. Hyde Park,Black or African-American,521,573,"1,757","17,163","10,427","11,488","10,714","11,290","7,815","8,851","8,888","8,519","8,047","7,621","7,366","7,386","7,268","6,773",,,,,,
41. Hyde Park,Persons of Spanish Language*,,,,,882,721,895,"1,230","1,626","1,578","1,324","1,681","1,891","2,101","2,246","2,343","2,047","2,083",,,,,,
41. Hyde Park,White,"47,198","49,750","52,375","27,214","21,516","16,952","14,440","13,020","11,992","12,446","12,561","12,298","12,584","12,539","12,453","13,099","13,156","13,019",,,,,,
41. Hyde Park,Other,298,227,"1,074","1,200",519,"2,037",148,"1,014","1,063",819,854,965,"1,127","1,063","1,203","1,365","1,292","1,901",,,,,,
,42. Woodlawn,,,,,,,,,,,,,,,,,,,,,,,,
42. Woodlawn,Total,"66,052","71,685","80,699","81,279","53,814","36,323","27,473","27,086","23,740","24,445","24,357","25,451","26,446","26,024","25,207","25,058","24,844","24,967",,,,,,
42. Woodlawn,Asian,,,,,133, N/A ,164,207,544,544,741,710,814,797,847,948,895,817,,,,,,
42. Woodlawn,Black or African-American,"8,578","12,107","31,329","72,397","51,572","34,560","26,234","25,518","20,605","21,283","20,784","21,693","22,555","21,891","20,867","20,784","20,554","20,641",,,,,,
42. Woodlawn,Persons of Spanish Language*,,,,,710,285,178,288,504,543,505,617,695,775,780,833,836,738,,,,,,
42. Woodlawn,White,"57,182","59,438","48,368","8,450","1,929","1,232",847,761,"1,623","1,675","1,900","1,982","1,885","2,062","2,153","1,967","1,937","1,970",,,,,,
42. Woodlawn,Other,292,140,"1,002",432,180,246,50,312,464,400,427,449,497,499,560,526,622,801,,,,,,
,43. South Shore,,,,,,,,,,,,,,,,,,,,,,,,
43. South Shore,Total,"78,755","79,593","79,336","73,086","80,660","77,743","61,517","61,556","52,010","47,526","49,380","48,816","49,155","48,552","48,479","49,410","50,265","50,275",,,,,,
43. South Shore,Asian,,,,,423, N/A ,94,85,124,85,68,85,115,124,134,87,98,114,,,,,,
43. South Shore,Black or African-American,171,249,182,"7,018","55,649","73,312","59,662","59,405","49,338","44,885","46,691","45,844","45,990","45,464","45,727","46,195","47,058","46,745",,,,,,
43. South Shore,Persons of Spanish Language*,,,,,"1,173",917,497,636,893,685,735,"1,000",784,845,575,1131,1239,1285,,,,,,
43. South Shore,White,"78,538","79,317","79,115","65,507","24,112","2,730","1,141",703,724,717,718,897,"1,084","1,326","1,357","1,304","1,217","1,462",,,,,,
43. South Shore,Other,46,27,39,561,476,784,123,727,931,"1,154","1,168",990,"1,182",793,686,693,653,669,,,,,,
,44. Chatham,,,,,,,,,,,,,,,,,,,,,,,,
44. Chatham,Total,"36,228","37,788","40,845","41,962","47,287","40,725","36,779","37,275","31,028","33,244","31,898","31,493","31,359","30,946","31,071","30,653","30,967","31,363",,,,,,
44. Chatham,Asian,,,,,59, N/A ,41,24,27,23,28,90,129,93,111,182,124,77,,,,,,
44. Chatham,Black or African-American,10,20,345,"26,756","46,128","39,910","36,295","36,538","30,160","32,416","31,220","30,636","30,297","29,792","29,780","29,208","29,625","30,253",,,,,,
44. Chatham,Persons of Spanish Language*,,,,,519,271,198,220,311,158,126,230,287,311,385,386,262,271,,,,,,
44. Chatham,White,"36,137","37,757","40,468","15,090",931,336,208,121,112,178,168,202,388,459,509,601,585,269,,,,,,
44. Chatham,Other,81,11,32,116,169,208,37,372,418,469,356,335,258,291,286,276,371,493,,,,,,
,45. Avalon Park,,,,,,,,,,,,,,,,,,,,,,,,
45. Avalon Park,Total,"10,023","10,464","11,358","12,710","14,412","13,792","11,711","11,147","10,185","9,617","9,951","10,098","9,813","9,840","10,034","9,785","9,713","9,629",,,,,,
45. Avalon Park,Asian,,,,,64, N/A ,30,19,19,34,43,30,59,19,38,80,70,129,,,,,,
45. Avalon Park,Black or African-American,4,4,8,6,"11,912","13,185","11,429","10,816","9,751","9,296","9,620","9,721","9,553","9,617","9,754","9,415","9,381","9,123",,,,,,
45. Avalon Park,Persons of Spanish Language*,,,,,283,109,81,85,153,29,35,59,62,68,66,55,9,-,,,,,,
45. Avalon Park,White,"10,019","10,458","11,345","12,660","2,356",369,148,96,81,168,193,220,53,37,61,62,93,80,,,,,,
45. Avalon Park,Other, - ,2,5,44,80,129,23,131,181,90,60,68,86,99,115,173,160,297,,,,,,
,46. South Chicago,,,,,,,,,,,,,,,,,,,,,,,,
46. South Chicago,Total,"56,683","55,090","55,715","49,913","45,655","46,422","40,776","38,596","31,198","29,458","29,052","28,550","28,095","27,601","28,263","29,021","29,936","29,977",,,,,,
46. South Chicago,Asian,,,,,129, N/A ,42,49,67,86,133,106,116,16,15,110,104,114,,,,,,
46. South Chicago,Black or African-American,738,907,"2,619","2,448","10,233","21,773","24,672","26,253","23,296","21,206","21,308","20,802","20,818","20,826","21,317","22,194","22,895","22,565",,,,,,
46. South Chicago,Persons of Spanish Language*,,,,,"11,906","18,229","13,644","10,565","6,774","6,962","6,570","6,494","6,083","5,810","5,885","5,921","5,914","6,182",,,,,,
46. South Chicago,White,"51,659","54,157","53,064","47,338","34,743","5,967","2,290","1,135",599,927,837,875,782,672,791,649,842,857,,,,,,
46. South Chicago,Other,"4,286",26,32,127,550,453,128,594,462,277,204,273,296,277,255,147,181,259,,,,,,
,47. Burnside,,,,,,,,,,,,,,,,,,,,,,,,
47. Burnside,Total,"3,483","3,567","3,551","3,463","3,181","3,942","3,314","3,294","2,916","3,508","2,837","2,618","2,601","2,442","2,254","2,336","2,006","2,180",,,,,,
47. Burnside,Asian,,,,,20, N/A ,2,7,  - ,  - , - ,  -   ,  -   ,  -   ,0,-,-,-,,,,,,
47. Burnside,Black or African-American, - ,4,7,  - ,91,"3,470","3,191","3,180","2,849","3,488","2,819","2,618","2,601","2,419","2,197","2,265","1,931","1,938",,,,,,
47. Burnside,Persons of Spanish Language*,,,,,251,100,16,34,20,  - , - ,  -   ,  -   ,  -   ,33,37,39,156,,,,,,
47. Burnside,White,"3,478","3,558","3,544","3,454","3,046",327,105,40,19,20,18,  -   ,  -   ,11,10,10,10,55,,,,,,
47. Burnside,Other,5,5, - ,9,24,45,  - ,33,28,  - , - ,  -   ,  -   ,12,14,24,26,31,,,,,,
,48. Calumet Heights,,,,,,,,,,,,,,,,,,,,,,,,
48. Calumet Heights,Total,"7,343","7,417","9,349","19,352","20,123","20,505","17,453","15,974","13,812","14,382","13,854","13,400","13,732","13,306","13,188","12,956","12,815","12,343",,,,,,
48. Calumet Heights,Asian,,,,,189, N/A ,89,33,26,14,13,19,5,12,13,15,9,8,,,,,,
48. Calumet Heights,Black or African-American,19,4,9,8,"9,038","17,667","15,983","14,817","12,897","13,487","12,829","12,462","12,835","12,566","12,426","12,235","12,056","11,533",,,,,,
48. Calumet Heights,Persons of Spanish Language*,,,,,"1,631","1,481",920,747,569,601,689,519,443,465,457,458,477,543,,,,,,
48. Calumet Heights,White,"7,167","7,412","9,337","19,313","10,774","1,063",430,206,126,195,217,269,308,161,219,172,143,108,,,,,,
48. Calumet Heights,Other,157,1,3,31,122,294,31,171,194,85,106,131,141,102,73,76,130,151,,,,,,
,49. Roseland,,,,,,,,,,,,,,,,,,,,,,,,
49. Roseland,Total,"43,206","44,009","56,705","58,750","62,512","64,372","56,493","52,723","44,619","45,285","44,495","44,267","42,505","42,327","42,433","41,106","39,162","39,623",,,,,,
49. Roseland,Asian,,,,,83, N/A ,56,31,27,217,151,150,185,169,126,149,165,106,,,,,,
49. Roseland,Black or African-American,"1,256","1,828","10,430","13,255","34,454","62,424","55,661","51,568","43,447","43,581","42,853","42,822","40,846","40,798","40,849","39,440","37,280","37,764",,,,,,
49. Roseland,Persons of Spanish Language*,,,,,"1,215",550,283,363,458,357,488,489,450,396,548,533,459,521,,,,,,
49. Roseland,White,"41,917","42,177","46,250","45,392","27,758","1,104",430,276,188,503,505,471,557,417,456,490,557,608,,,,,,
49. Roseland,Other,33,4,25,103,217,294,63,485,499,627,498,335,467,547,454,494,701,624,,,,,,
,50. Pullman,,,,,,,,,,,,,,,,,,,,,,,,
50. Pullman,Total,"6,705","6,523","8,899","8,412","10,893","10,341","9,344","8,921","7,325","7,262","6,934","6,970","6,501","6,620","6,613","6,816","6,840","7,131",,,,,,
50. Pullman,Asian,,,,,18, N/A ,17,15,5,39,30,42,34,43,10,5,9,5,,,,,,
50. Pullman,Black or African-American, - ,2,4,  - ,"5,244","7,872","7,316","7,262","6,122","6,131","5,626","5,735","5,380","5,474","5,495","5,691","5,544","5,732",,,,,,
50. Pullman,Persons of Spanish Language*,,,,,293,642,780,795,571,549,675,570,551,335,307,302,377,307,,,,,,
50. Pullman,White,"6,634","6,521","8,893","8,400","5,573","1,738","1,206",757,522,522,582,605,464,633,680,675,682,857,,,,,,
50. Pullman,Other,71, - ,2,12,58,89,25,92,105,21,21,18,72,135,121,143,228,230,,,,,,
,51. South Deering,,,,,,,,,,,,,,,,,,,,,,,,
51. South Deering,Total,"7,898","9,662","17,476","18,794","19,271","19,400","17,755","16,990","15,109","16,445","15,743","15,570","15,305","14,635","14,614","14,697","15,475","15,144",,,,,,
51. South Deering,Asian,,,,,79, N/A ,20,8,18,49,41,36,8,1,1,1,-,-,,,,,,
51. South Deering,Black or African-American, - , - ,15,125,"3,067","10,509","10,417","10,335","9,354","10,022","10,056","9,722","9,971","9,575","9,360","9,366","10,077","9,646",,,,,,
51. South Deering,Persons of Spanish Language*,,,,,"3,220","4,763","5,038","5,176","4,809","5,198","4,813","4,931","4,580","4,139","4,591","4,585","4,767","4,690",,,,,,
51. South Deering,White,"6,901","9,662","17,454","18,637","15,888","3,922","2,230","1,287",725,891,678,709,592,781,600,689,587,753,,,,,,
51. South Deering,Other,997, - ,7,32,237,206,50,184,203,285,155,172,154,139,62,56,44,55,,,,,,
,52. East Side,,,,,,,,,,,,,,,,,,,,,,,,
52. East Side,Total,"16,839","16,513","21,619","23,214","24,649","21,331","20,450","23,653","23,042","23,517","23,526","23,739","23,817","23,013","23,771","24,230","23,723","22,999",,,,,,
52. East Side,Asian,,,,,12, N/A ,35,57,53,101,116,34,28,66,65,47,107,72,,,,,,
52. East Side,Black or African-American, - , - ,14,4,23,25,10,242,777,636,581,398,684,562,695,803,867,408,,,,,,
52. East Side,Persons of Spanish Language*,,,,,807,"2,678","8,177","16,113","18,076","18,602","18,577","19,148","18,992","18,409","19,117","19,798","19,446","19,514",,,,,,
52. East Side,White,"16,795","16,512","21,602","23,191","24,562","18,446","12,179","6,951","3,969","4,091","4,158","4,086","4,049","3,938","3,850","3,534","3,258","2,963",,,,,,
52. East Side,Other,44,1,3,19,52,182,49,290,167,87,94,73,64,38,44,48,45,42,,,,,,
,53. West Pullman,,,,,,,,,,,,,,,,,,,,,,,,
53. West Pullman,Total,"28,474","27,834","29,265","35,397","40,318","44,904","39,846","36,649","29,651","30,810","29,796","28,160","27,973","27,572","27,733","27,471","27,028","26,484",,,,,,
53. West Pullman,Asian,,,,,44, N/A ,38,16,14,  - ,52,51,67,70,65,19,-,-,,,,,,
53. West Pullman,Black or African-American,170,103,82,62,"6,670","40,441","37,285","34,277","27,593","28,797","27,991","26,297","26,123","25,520","25,625","25,309","24,752","23,890",,,,,,
53. West Pullman,Persons of Spanish Language*,,,,,"1,476","2,309","1,771","1,699","1,509","1,388","1,224","1,275","1,351","1,488","1,682","1,570","1,551","1,815",,,,,,
53. West Pullman,White,"28,014","27,719","29,171","35,328","33,510","1,981",703,328,166,390,314,279,280,281,158,185,212,233,,,,,,
53. West Pullman,Other,290,12,12,7,94,173,49,329,369,235,215,258,152,213,203,388,513,546,,,,,,
,54. Riverdale,,,,,,,,,,,,,,,,,,,,,,,,
54. Riverdale,Total,"1,486","1,509","9,790","11,448","15,018","13,539","10,821","9,809","6,482","6,820","7,006","7,190","7,090","7,382","7,394","7,262","7,359","7,414",,,,,,
54. Riverdale,Asian,,,,,4, N/A ,2,7,2,  - , - ,  -   ,26,26,23,22,22,-,,,,,,
54. Riverdale,Black or African-American, - ,6,"8,242","10,306","14,232","12,984","10,527","9,479","6,251","6,678","6,670","6,910","6,676","6,926","6,882","6,920","6,990","7,071",,,,,,
54. Riverdale,Persons of Spanish Language*,,,,,157,176,150,160,132,136,308,180,278,265,306,189,258,271,,,,,,
54. Riverdale,White,"1,486","1,503","1,543","1,127",754,336,120,66,32,  - , - ,74,77,135,151,131,89,72,,,,,,
54. Riverdale,Other, - , - ,5,15,28,43,22,97,65,6,28,26,33,30,32,-,-,-,,,,,,
,55. Hegewisch,,,,,,,,,,,,,,,,,,,,,,,,
55. Hegewisch,Total,"7,890","7,509","7,142","8,936","11,346","11,572","10,136","9,781","9,426","10,168","9,822","9,338","8,952","9,151","9,384","9,205","9,089","9,175",,,,,,
55. Hegewisch,Asian,,,,,7, N/A ,49,32,48,17,20,16,  -   ,  -   ,0,-,-,-,,,,,,
55. Hegewisch,Black or African-American, - , - ,2,32,22,29,66,130,364,933,686,408,566,447,341,460,385,631,,,,,,
55. Hegewisch,Persons of Spanish Language*,,,,,392,718,"1,290","2,820","4,671","5,169","5,059","4,887","4,243","4,582","5,380","5,119","5,491","5,141",,,,,,
55. Hegewisch,White,"7,798","7,509","7,140","8,900","11,297","10,708","8,719","6,553","4,235","3,977","3,990","3,971","4,078","4,105","3,645","3,605","3,191","3,386",,,,,,
55. Hegewisch,Other,92, - , - ,4,20,117,12,246,108,72,67,56,65,17,18,21,22,17,,,,,,
,56. Garfield Ridge,,,,,,,,,,,,,,,,,,,,,,,,
56. Garfield Ridge,Total,"6,050","6,813","12,900","40,449","42,998","37,935","33,948","36,101","34,513","33,940","34,709","34,743","35,632","35,542","36,452","36,462","37,207","36,049",,,,,,
56. Garfield Ridge,Asian,,,,,140, N/A ,382,328,346,633,605,512,422,311,360,422,450,358,,,,,,
56. Garfield Ridge,Black or African-American, - ,1,1,"2,686","3,508","5,084","4,337","4,419","2,040","1,964","1,793","1,461","1,462","1,431","1,602","1,658","1,954","1,671",,,,,,
56. Garfield Ridge,Persons of Spanish Language*,,,,,971,"1,566","2,509","5,948","13,515","13,184","14,368","15,297","16,618","17,270","17,892","18,353","18,971","19,029",,,,,,
56. Garfield Ridge,White,"6,018","6,812","12,899","37,675","39,269","30,821","26,681","24,878","18,372","17,958","17,704","17,169","16,852","16,214","16,275","15,677","15,558","14,728",,,,,,
56. Garfield Ridge,Other,32, - , - ,88,81,464,39,528,240,201,239,304,278,316,323,352,274,263,,,,,,
,57. Archer Heights,,,,,,,,,,,,,,,,,,,,,,,,
57. Archer Heights,Total,"8,120","8,216","8,675","10,584","11,134","9,708","9,227","12,644","13,393","13,434","14,132","13,998","13,293","13,259","13,169","13,082","13,726","13,533",,,,,,
57. Archer Heights,Asian,,,,,13, N/A ,49,48,138,212,204,333,391,441,583,650,819,612,,,,,,
57. Archer Heights,Black or African-American,6,1,6,1,1,8,2,74,130,212,207,111,116,79,115,123,131,104,,,,,,
57. Archer Heights,Persons of Spanish Language*,,,,,178,354,779,"5,485","10,182","9,932","10,724","10,585","10,126","10,197","10,201","10,129","10,626","10,800",,,,,,
57. Archer Heights,White,"8,075","8,215","8,667","10,583","11,097","9,225","8,388","6,752","2,874","3,002","2,913","2,890","2,578","2,482","2,218","2,136","2,109","1,991",,,,,,
57. Archer Heights,Other,39, - ,2,  - ,23,121,9,285,69,76,84,79,82,60,52,44,41,26,,,,,,
,58. Brighton Park,,,,,,,,,,,,,,,,,,,,,,,,
58. Brighton Park,Total,"46,552","45,030","41,345","38,019","35,618","30,770","32,207","44,912","45,368","44,148","43,567","44,130","44,202","44,231","44,813","45,031","44,156","42,728",,,,,,
58. Brighton Park,Asian,,,,,99, N/A ,611,"1,288","2,252","2,718","3,108","3,032","2,955","3,253","3,623","3,619","4,514","4,517",,,,,,
58. Brighton Park,Black or African-American,41,34,49,36,34,33,17,221,542,568,744,577,677,453,433,507,529,579,,,,,,
58. Brighton Park,Persons of Spanish Language*,,,,,"2,329","4,539","12,044","34,409","38,693","37,203","36,267","37,509","37,620","37,468","37,301","37,432","35,720","34,130",,,,,,
58. Brighton Park,White,"46,065","44,995","41,290","37,948","35,376","25,545","19,431","8,300","3,682","3,625","3,425","2,950","2,844","2,798","3,160","3,077","3,014","3,163",,,,,,
58. Brighton Park,Other,446,1,6,35,109,653,104,694,199,34,23,62,106,259,296,396,379,339,,,,,,
,59. McKinley Park,,,,,,,,,,,,,,,,,,,,,,,,
59. McKinley Park,Total,"22,032","20,429","18,813","16,908","15,632","13,248","13,297","15,962","15,612","16,434","16,538","16,449","16,336","16,064","15,767","15,920","15,177","15,246",,,,,,
59. McKinley Park,Asian,,,,,17, N/A ,319,"1,212","2,445","2,641","2,852","3,185","3,136","2,918","3,106","3,930","3,625","4,572",,,,,,
59. McKinley Park,Black or African-American,3,1,7,  - ,4,5,10,116,234,489,473,446,507,145,164,156,221,184,,,,,,
59. McKinley Park,Persons of Spanish Language*,,,,,970,"2,129","5,255","9,819","10,111","10,192","10,026","9,487","9,612","10,095","9,550","8,979","8,552","8,044",,,,,,
59. McKinley Park,White,"22,020","20,423","18,802","16,885","15,572","11,007","7,665","4,607","2,667","2,978","2,987","3,104","2,802","2,660","2,667","2,718","2,625","2,350",,,,,,
59. McKinley Park,Other,9,5,4,23,39,107,48,208,155,134,200,227,279,246,280,137,154,96,,,,,,
,60. Bridgeport,,,,,,,,,,,,,,,,,,,,,,,,
60. Bridgeport,Total,"53,553","49,109","46,070","41,560","35,167","30,923","29,877","33,694","31,977","32,430","32,639","31,939","33,939","32,853","33,696","33,888","34,540","32,901",,,,,,
60. Bridgeport,Asian,,,,,86, N/A ,"4,925","8,808","11,038","10,772","11,424","10,868","11,726","12,214","13,156","13,334","13,675","13,320",,,,,,
60. Bridgeport,Black or African-American,1,6,23,65,45,34,38,354,672,635,753,874,951,863,848,873,1039,736,,,,,,
60. Bridgeport,Persons of Spanish Language*,,,,,"4,418","6,584","7,796","10,165","8,627","9,264","8,989","8,941","9,558","8,175","8,073","7,937","7,558","6,864",,,,,,
60. Bridgeport,White,"53,051","49,098","46,032","41,436","34,656","23,540","17,000","13,819","11,225","10,761","10,584","10,437","10,842","10,982","11,340","11,319","11,825","11,646",,,,,,
60. Bridgeport,Other,501,5,15,59,380,765,118,548,415,998,889,819,862,619,279,425,443,335,,,,,,
,61. New City,,,,,,,,,,,,,,,,,,,,,,,,
61. New City,Total,"87,103","80,725","75,917","67,428","60,817","55,860","53,226","51,721","44,377","42,107","41,758","41,598","41,083","41,178","39,646","39,542","39,508","39,055",,,,,,
61. New City,Asian,,,,,151, N/A ,119,146,727,563,819,927,815,993,"1,043",814,770,735,,,,,,
61. New City,Black or African-American,79,68,112,166,"2,152","12,117","21,568","18,252","13,148","12,647","11,974","11,222","9,832","9,495","8,843","9,321","9,098","9,020",,,,,,
61. New City,Persons of Spanish Language*,,,,,"7,811","19,945","20,906","25,948","25,431","22,513","22,442","23,536","24,990","25,278","24,548","24,402","24,280","24,111",,,,,,
61. New City,White,"84,866","80,634","75,776","67,172","58,121","23,090","10,449","6,789","4,697","5,783","6,151","5,473","5,094","5,010","4,899","4,638","5,033","4,861",,,,,,
61. New City,Other,"2,158",23,29,90,393,708,184,586,374,601,372,440,352,402,313,367,327,328,,,,,,
,62. West Elsdon,,,,,,,,,,,,,,,,,,,,,,,,
62. West Elsdon,Total,"2,861","3,255","7,728","14,215","14,059","12,797","12,266","15,921","18,109","18,980","19,517","19,165","19,192","19,932","19,210","19,336","19,126","18,523",,,,,,
62. West Elsdon,Asian,,,,,12, N/A ,62,136,222,322,284,257,303,308,378,412,538,513,,,,,,
62. West Elsdon,Black or African-American, - , - ,4,  - ,5,7,4,74,255,405,266,133,262,213,266,291,320,125,,,,,,
62. West Elsdon,Persons of Spanish Language*,,,,,283,297,"1,135","7,875","14,314","14,811","15,402","15,354","15,385","16,566","15,820","15,753","15,472","15,134",,,,,,
62. West Elsdon,White,"2,807","3,255","7,721","14,210","14,022","12,389","11,055","7,461","3,250","3,370","3,529","3,397","3,235","2,840","2,722","2,859","2,770","2,724",,,,,,
62. West Elsdon,Other,54, - ,3,5,20,104,10,375,68,72,36,24,7,5,24,21,26,27,,,,,,
,63. Gage Park,,,,,,,,,,,,,,,,,,,,,,,,
63. Gage Park,Total,"31,535","30,343","30,149","28,244","26,698","24,445","26,957","39,193","39,894","39,492","39,580","40,381","41,202","40,926","40,873","39,302","37,478","35,300",,,,,,
63. Gage Park,Asian,,,,,16, N/A ,205,161,121,400,365,333,350,191,193,206,232,250,,,,,,
63. Gage Park,Black or African-American, - ,1,6,2,1,163,"1,292","2,743","2,161","1,745","1,545","1,336","1,342","1,352","1,448","1,503","1,497","1,649",,,,,,
63. Gage Park,Persons of Spanish Language*,,,,,376,"2,701","10,574","31,079","35,589","35,456","35,998","37,260","38,009","37,904","37,659","36,072","34,222","32,113",,,,,,
63. Gage Park,White,"31,529","30,335","30,132","28,222","26,629","21,212","14,819","4,811","1,892","1,872","1,627","1,421","1,460","1,432","1,532","1,502","1,475","1,260",,,,,,
63. Gage Park,Other,6,7,11,20,52,369,67,399,131,19,45,31,41,47,41,19,52,28,,,,,,
,64. Clearing,,,,,,,,,,,,,,,,,,,,,,,,
64. Clearing,Total,"5,434","6,068","10,591","18,797","24,488","22,584","21,490","22,331","23,139","22,716","23,399","24,452","24,962","25,200","25,891","25,735","24,976","24,382",,,,,,
64. Clearing,Asian,,,,,32, N/A ,119,152,212,184,300,345,319,361,184,141,126,145,,,,,,
64. Clearing,Black or African-American, - ,6,1,2,1,5,9,137,282,121,147,167,140,340,400,416,567,621,,,,,,
64. Clearing,Persons of Spanish Language*,,,,,671,916,"1,615","4,688","10,484","10,460","10,554","12,005","12,361","12,527","13,698","14,840","13,502","13,878",,,,,,
64. Clearing,White,"5,417","6,060","10,582","18,777","24,409","21,550","19,712","17,047","11,921","11,775","12,250","11,776","11,871","11,672","11,176","9,981","10,445","9,510",,,,,,
64. Clearing,Other,17,2,8,18,46,113,35,307,240,176,148,159,271,300,433,357,336,228,,,,,,
,65. West Lawn,,,,,,,,,,,,,,,,,,,,,,,,
65. West Lawn,Total,"8,919","10,289","14,460","26,910","18,597","24,748","23,402","29,235","33,355","32,950","33,199","33,477","32,749","33,595","33,108","32,176","31,886","32,162",,,,,,
65. West Lawn,Asian,,,,,51, N/A ,173,272,210,95,108,143,178,193,185,224,142,73,,,,,,
65. West Lawn,Black or African-American,3,5,12,5,10,52,58,760,"1,390","1,041","1,097",932,"1,067","1,154","1,152",830,845,801,,,,,,
65. West Lawn,Persons of Spanish Language*,,,,,144,599,"2,519","15,179","26,669","26,078","26,576","26,926","26,395","27,169","26,666","26,608","26,775","27,364",,,,,,
65. West Lawn,White,"8,916","10,284","14,441","26,893","18,506","23,917","20,617","12,540","4,924","5,514","5,306","5,350","4,989","5,008","5,033","4,425","4,028","3,819",,,,,,
65. West Lawn,Other, - , - ,7,12,30,180,35,484,162,222,112,126,120,71,72,89,96,105,,,,,,
,66. Chicago Lawn,,,,,,,,,,,,,,,,,,,,,,,,
66. Chicago Lawn,Total,"47,462","49,291","50,211","51,347","48,435","46,568","51,243","61,412","55,628","54,807","55,598","56,293","55,551","54,265","53,098","52,003","51,352","51,243",,,,,,
66. Chicago Lawn,Asian,,,,,91, N/A ,851,393,190,439,448,421,529,304,227,152,265,246,,,,,,
66. Chicago Lawn,Black or African-American,6,6,18,3,10,"4,762","13,404","32,240","27,403","29,311","28,451","27,974","26,100","25,023","23,801","23,169","22,177","20,369",,,,,,
66. Chicago Lawn,Persons of Spanish Language*,,,,,522,"4,940","14,549","21,534","25,141","22,881","24,409","25,583","26,377","26,109","26,322","26,016","26,481","28,387",,,,,,
66. Chicago Lawn,White,"47,441","49,282","50,187","51,294","48,242","35,698","22,216","6,190","2,419","1,900","1,934","1,854","1,873","1,973","1,878","1,822","1,525","1,247",,,,,,
66. Chicago Lawn,Other,15,3,6,50,92,"1,168",223,"1,055",475,276,356,461,672,856,870,844,904,994,,,,,,
,67. West Englewood,,,,,,,,,,,,,,,,,,,,,,,,
67. West Englewood,Total,"63,845","64,171","62,842","58,516","61,910","62,069","52,772","45,282","35,505","35,294","34,632","34,272","32,156","30,798","29,929","28,237","26,346","26,158",,,,,,
67. West Englewood,Asian,,,,,132, N/A ,48,29,19,41,40,11,19,6,4,4,24,20,,,,,,
67. West Englewood,Black or African-American,"1,967","2,479","3,756","6,842","29,917","60,546","51,750","44,271","34,178","33,477","32,827","32,203","29,955","28,249","27,304","25,328","23,097","22,733",,,,,,
67. West Englewood,Persons of Spanish Language*,,,,,"1,977",686,331,459,774,904,985,"1,297","1,563","1,890","1,918","2,190","2,468","2,508",,,,,,
67. West Englewood,White,"61,854","61,666","59,045","51,583","31,622",716,578,164,130,429,358,258,235,244,289,308,425,393,,,,,,
67. West Englewood,Other,24,26,41,91,239,121,65,359,404,443,422,503,384,409,414,407,332,504,,,,,,
,68. Englewood,,,,,,,,,,,,,,,,,,,,,,,,
68. Englewood,Total,"89,063","92,849","94,134","97,595","89,713","59,075","48,434","40,222","30,654","28,824","28,361","27,297","26,121","26,020","25,075","23,792","22,921","22,019",,,,,,
68. Englewood,Asian,,,,,111, N/A ,66,27,34,13,22,73,76,62,68,76,68,131,,,,,,
68. Englewood,Black or African-American,"1,126","2,008","9,857","67,216","86,503","58,037","47,870","39,352","29,847","28,076","27,426","26,054","24,810","24,690","23,711","22,392","21,692","20,278",,,,,,
68. Englewood,Persons of Spanish Language*,,,,,"1,740",497,231,347,325,275,308,543,682,756,843,1025,846,866,,,,,,
68. Englewood,White,"87,873","90,799","84,167","30,107","2,696",336,190,178,105,170,188,226,199,204,181,172,140,255,,,,,,
68. Englewood,Other,64,42,110,272,403,205,77,318,343,290,417,401,354,308,272,127,175,489,,,,,,
,69. Greater Grand Crossing,,,,,,,,,,,,,,,,,,,,,,,,
69. Greater Grand Crossing,Total,"60,007","61,554","61,753","63,169","54,414","45,218","38,644","38,619","32,602","32,873","32,804","32,849","32,346","32,461","31,766","30,805","30,149","29,429",,,,,,
69. Greater Grand Crossing,Asian,,,,,64, N/A ,21,26,21,25,37,20,22,5,4,-,4,29,,,,,,
69. Greater Grand Crossing,Black or African-American,254,276,"3,575","54,257","53,374","44,466","38,217","37,779","31,590","31,659","31,348","31,332","31,077","31,301","30,556","29,626","28,839","28,131",,,,,,
69. Greater Grand Crossing,Persons of Spanish Language*,,,,,501,266,189,276,388,451,577,602,358,387,450,374,524,590,,,,,,
69. Greater Grand Crossing,White,"59,667","61,257","58,108","8,687",791,271,170,146,180,324,392,419,466,431,393,340,304,257,,,,,,
69. Greater Grand Crossing,Other,86,21,70,225,185,215,47,392,423,414,450,476,423,337,363,465,478,422,,,,,,
,70. Ashburn,,,,,,,,,,,,,,,,,,,,,,,,
70. Ashburn,Total,733,731,"7,472","38,638","47,161","40,477","37,092","39,584","41,081","42,788","42,821","42,809","42,752","43,283","43,792","43,986","43,356","42,902",,,,,,
70. Ashburn,Asian,,,,,73, N/A ,358,408,276,121,156,195,284,314,315,370,410,356,,,,,,
70. Ashburn,Black or African-American, - , - ,390,1,503,"1,082","3,697","17,045","18,976","22,047","20,940","20,584","20,817","20,721","20,837","20,914","19,888","19,324",,,,,,
70. Ashburn,Persons of Spanish Language*,,,,,578,905,"2,331","6,674","15,132","13,148","14,699","15,384","15,455","16,374","16,924","17,303","17,918","18,331",,,,,,
70. Ashburn,White,677,731,"7,071","38,604","46,543","38,026","30,656","14,546","6,251","7,152","6,814","6,232","5,555","5,044","4,745","4,424","4,110","4,320",,,,,,
70. Ashburn,Other,56, - ,11,33,42,464,50,911,446,320,212,414,641,830,971,975,1030,571,,,,,,
,71. Auburn Gresham,,,,,,,,,,,,,,,,,,,,,,,,
71. Auburn Gresham,Total,"57,381","57,293","60,978","59,484","68,854","65,132","59,808","55,928","48,743","49,634","48,934","47,611","45,842","45,770","46,278","45,271","45,909","46,698",,,,,,
71. Auburn Gresham,Asian,,,,,64, N/A ,28,45,33,77,118,126,126,153,143,120,141,124,,,,,,
71. Auburn Gresham,Black or African-American,17,13,18,91,"47,312","63,708","59,172","54,862","47,661","48,680","47,594","46,204","44,402","44,267","44,435","43,529","43,791","44,152",,,,,,
71. Auburn Gresham,Persons of Spanish Language*,,,,,909,463,204,347,459,484,653,672,689,614,862,836,1001,1397,,,,,,
71. Auburn Gresham,White,"57,343","57,271","60,946","59,346","21,278",738,350,237,134,135,127,175,231,257,324,362,524,488,,,,,,
71. Auburn Gresham,Other,21,9,14,47,200,223,54,437,456,258,442,434,394,479,514,424,452,537,,,,,,
,72. Beverly,,,,,,,,,,,,,,,,,,,,,,,,
72. Beverly,Total,"13,793","15,910","20,186","24,814","26,771","23,360","22,385","21,992","20,034","21,226","21,762","21,002","20,815","20,836","20,822","20,437","19,791","19,817",,,,,,
72. Beverly,Asian,,,,,78, N/A ,114,121,112,61,47,83,101,89,163,190,160,194,,,,,,
72. Beverly,Black or African-American,50,67,16,14,30,"3,151","5,369","7,006","6,838","7,366","7,792","7,601","7,257","7,047","7,031","7,136","6,774","6,562",,,,,,
72. Beverly,Persons of Spanish Language*,,,,,122,308,393,643,915,"1,092","1,304","1,169","1,414","1,200","1,095","1,096",978,"1,179",,,,,,
72. Beverly,White,"13,740","15,841","20,165","24,791","26,653","19,749","16,451","13,814","11,785","12,358","12,157","11,761","11,604","12,043","12,012","11,595","11,383","11,126",,,,,,
72. Beverly,Other,3,2,5,9,10,152,58,408,384,349,462,388,439,457,521,420,496,756,,,,,,
,73. Washington Heights,,,,,,,,,,,,,,,,,,,,,,,,
73. Washington Heights,Total,"17,865","19,370","24,488","29,793","36,540","36,453","32,114","29,843","26,493","26,021","26,241","26,435","27,116","27,055","27,453","27,354","26,742","26,940",,,,,,
73. Washington Heights,Asian,,,,,82, N/A ,20,9,12,2,1,1,  -   ,8,8,38,43,47,,,,,,
73. Washington Heights,Black or African-American,33,49,44,"3,711","27,307","35,644","31,621","29,108","25,793","25,390","25,267","25,394","25,968","25,981","26,293","26,516","25,698","25,722",,,,,,
73. Washington Heights,Persons of Spanish Language*,,,,,570,177,140,231,258,189,290,359,287,324,215,163,305,393,,,,,,
73. Washington Heights,White,"17,790","19,319","24,427","26,017","9,078",518,293,193,121,257,248,198,351,170,183,268,360,451,,,,,,
73. Washington Heights,Other,42,2,17,65,73,114,40,302,309,183,435,483,510,572,754,369,336,327,,,,,,
,74. Mount Greenwood,,,,,,,,,,,,,,,,,,,,,,,,
74. Mount Greenwood,Total,"3,310","4,390","12,331","21,941","23,186","20,084","19,179","18,820","19,093","18,475","18,397","18,357","18,783","19,029","19,277","19,342","19,190","18,840",,,,,,
74. Mount Greenwood,Asian,,,,,20, N/A ,70,61,126,169,169,410,383,368,433,370,354,303,,,,,,
74. Mount Greenwood,Black or African-American, - , - ,3,4,22,92,247,672,987,937,827,826,664,589,629,615,678,609,,,,,,
74. Mount Greenwood,Persons of Spanish Language*,,,,,57,154,362,723,"1,382",937,"1,120","1,040","1,205","2,090","1,652","1,838","2,010","1,975",,,,,,
74. Mount Greenwood,White,"3,310","4,389","12,328","21,918","23,141","19,767","18,473","17,127","16,413","16,318","16,110","15,870","16,289","15,730","16,330","16,297","15,899","15,287",,,,,,
74. Mount Greenwood,Other, - ,1, - ,19,3,71,27,237,185,114,171,211,242,252,233,222,249,666,,,,,,
,75. Morgan Park,,,,,,,,,,,,,,,,,,,,,,,,
75. Morgan Park,Total,"12,747","15,645","22,618","27,912","31,016","29,315","26,740","25,226","22,544","22,681","23,568","23,204","22,908","23,019","22,375","21,674","21,050","20,526",,,,,,
75. Morgan Park,Asian,,,,,51, N/A ,82,83,92,124,103,52,54,45,30,23,61,86,,,,,,
75. Morgan Park,Black or African-American,"4,466","6,185","8,984","9,797","14,799","18,226","17,225","16,816","15,039","14,511","14,828","15,131","15,125","15,252","14,710","14,272","13,214","12,607",,,,,,
75. Morgan Park,Persons of Spanish Language*,,,,,176,280,340,533,619,519,464,623,638,805,841,921,899,910,,,,,,
75. Morgan Park,White,"8,267","9,451","13,618","18,082","16,120","10,661","9,043","7,510","6,473","7,175","7,760","6,925","6,546","6,313","6,195","5,870","6,306","6,237",,,,,,
75. Morgan Park,Other,14,9,16,33,46,148,50,284,321,352,413,473,545,604,599,588,570,686,,,,,,
,76. O'Hare,,,,,,,,,,,,,,,,,,,,,,,,
76. O'Hare,Total,,,,,"6,342","11,068","11,192","11,956","12,756","13,687","13,700","14,143","13,483","12,902","12,139","12,549","12,861","13,285",,,,,,
76. O'Hare,Asian,,,,,71, N/A ,307,885,"1,058","1,158","1,300","1,359","1,487","1,407",969,1365,1579,2096,,,,,,
76. O'Hare,Black or African-American,,,,,11,163,312,258,403,200,175,150,104,231,149,254,256,892,,,,,,
76. O'Hare,Persons of Spanish Language*,,,,,140,288,519,773,"1,212","1,878","1,740","1,675","1,150","1,127",780,1053,1354,1091,,,,,,
76. O'Hare,White,,,,,"6,250","10,374","10,037","9,735","9,845","10,087","10,080","10,375","10,130","9,475","9,682","9,399","9,421","8,921",,,,,,
76. O'Hare,Other,,,,,10,243,17,305,238,364,405,584,612,662,559,478,251,285,,,,,,
,77. Edgewater,,,,,,,,,,,,,,,,,,,,,,,,
77. Edgewater,Total,"53,938","55,503","54,606","51,579","61,598","58,561","60,703","62,198","56,521","55,333","55,548","55,276","54,873","55,430","55,965","57,022","57,649","58,693",,,,,,
77. Edgewater,Asian,,,,,"2,580", N/A ,"7,041","7,172","6,582","6,733","6,953","6,482","6,340","6,430","6,579","7,321","7,169","8,059",,,,,,
77. Edgewater,Black or African-American,86,111,91,53,373,"6,368","11,643","10,564","8,104","8,114","7,390","7,685","7,853","7,592","7,446","7,689","7,096","7,781",,,,,,
77. Edgewater,Persons of Spanish Language*,,,,,"4,859","7,805","10,567","12,176","9,318","9,019","9,455","9,007","8,918","9,081","9,326","8,760","8,673","9,323",,,,,,
77. Edgewater,White,"53,772","55,364","54,332","50,448","57,836","37,256","31,070","29,782","30,889","29,573","29,695","30,151","29,912","30,615","30,785","31,379","32,630","31,412",,,,,,
77. Edgewater,Other,80,28,183,"1,078",809,"7,132",382,"2,504","1,628","1,894","2,055","1,951","1,850","1,712","1,829","1,873","2,081","2,118",,,,,,
,Chicago,,,,,, Totals ,,,,,,,,,,,,,,,,,,
Chicago,Total,"3,376,438","3,396,808","3,620,962","3,550,404","3,366,957","3,005,072","2,783,726","2,896,016","2,695,598","2,702,471","2,706,101","2,712,608","2,716,981","2,713,515","2,722,098","2,718,019","2,708,837","2,698,334",,,,,,
Chicago,Asian,,,,,"31,810", N/A ,"98,777","124,437","144,903","148,547","152,952","154,287","160,687","163,465","167,503","172,919","177,134","182,202",,,,,,
Chicago,Black or African-American,"233,903","277,731","492,265","812,637","1,102,620","1,187,905","1,074,471","1,053,739","872,286","877,891","862,567","853,214","840,188","829,758","820,164","808,151","790,890","776,467",,,,,,
Chicago,Persons of Spanish Language*,,,,,"247,343","422,063","545,852","753,644","778,862","768,128","775,748","785,292","790,621","790,521","789,699","788,111","780,136","772,735",,,,,,
Chicago,White,"3,117,731","3,114,564","3,111,525","2,712,748","2,207,767","1,299,557","1,056,048","907,166","854,717","865,254","870,611","872,513","874,876","877,342","889,952","891,918","901,228","899,235",,,,,,
Chicago,Other,"24,804","4,513","17,172","25,019","24,760","95,547","8,578","57,030","44,830","42,651","44,223","47,302","50,609","52,429","54,780","56,920","59,449","67,695",,,,,,
,"Source: 1930-2010 data are tabulated from the Decennial Census, 2008-2012 data are tabulated from the American Community Survey",,,,,,,,,,,,,,,,,,,,,,,,
,"Note: Data for some census tracts are suppressed (i.e., not reported) by the Census Bureau. This affects only some community areas and time periods but has the effect of causing the community area data to not sum exactly to the citywide total.",,,,,,,,,,,,,,,,,,,,,,,,
,"Note: In 1930, the 24,804 Other includes 19,362 Mexican; 2,757 Chinese; 1,796 Filipino; 486 Japanese; 79 Hindu; 64 Korean; 10 Hawaiian; 2 Malay; 2 Siamese; and 246 American Indian. The Mexican racial category was unique to the 1930 census.",,,,,,,,,,,,,,,,,,,,,,,,
,"Note: In 1940, the 4,513 Other includes 2,013 Chinese; 1,740 Filipino; 390 Japanese; 38 Hindu; 58 Other; and 274 American Indian.",,,,,,,,,,,,,,,,,,,,,,,,
,"In 1950, the 17,172 includes 10,829 Japanese; 3,334 Chinese; 775 American Indian; and 2,234 Other.",,,,,,,,,,,,,,,,,,,,,,,,
,"Note: In 1960, the 25,019 Other includes 5,082 Chinese; 2,725 Filipino; 11,375 Japanese; 2,443 Other; and 3,394 American Indian.",,,,,,,,,,,,,,,,,,,,,,,,
,"Note: In 1970, the 31,810 Asian includes 9,357 Chinese; 9,497 Filipino; 10,833 Japanese; 1,852 Korean; and 271 Hawaiian. The 24,760 Other includes 6,575 American Indian and 18,185 Other which may be mostly Asian or Pacific Islander.",,,,,,,,,,,,,,,,,,,,,,,,
,"Note: In 1970, Persons of Spanish Language were also counted in Asian, Black, White, and Other race categories",,,,,,,,,,,,,,,,,,,,,,,,
